name,label
jeep/00000088.png,jeep
jeep/00000002.jpg,jeep
jeep/00000063.png,jeep
jeep/00000073.jpg,jeep
jeep/00000061.jpg,jeep
jeep/00000030.JPG,jeep
jeep/00000069.JPG,jeep
jeep/00000103.jpg,jeep
jeep/00000056.jpg,jeep
jeep/00000101.jpg,jeep
jeep/00000041.jpg,jeep
jeep/00000027.jpg,jeep
jeep/00000017.png,jeep
jeep/00000066.jpg,jeep
jeep/00000007.jpg,jeep
jeep/00000062.png,jeep
jeep/00000099.jpg,jeep
jeep/00000094.png,jeep
jeep/00000089.jpg,jeep
jeep/00000036.png,jeep
jeep/00000102.jpg,jeep
jeep/00000053.jpg,jeep
jeep/00000049.jpg,jeep
jeep/00000000.png,jeep
jeep/00000029.png,jeep
jeep/00000023.jpg,jeep
jeep/00000095.png,jeep
jeep/00000068.jpg,jeep
jeep/00000074.jpg,jeep
jeep/00000098.jpg,jeep
jeep/00000019.jpg,jeep
jeep/00000026.jpg,jeep
jeep/00000064.jpg,jeep
jeep/00000039.jpg,jeep
jeep/00000034.jpg,jeep
jeep/00000046.jpg,jeep
jeep/00000067.jpg,jeep
jeep/00000092.png,jeep
jeep/00000010.jpg,jeep
jeep/00000028.jpg,jeep
jeep/00000045.jpg,jeep
jeep/00000012.jpg,jeep
jeep/00000076.jpg,jeep
jeep/00000005.png,jeep
jeep/00000021.jpg,jeep
jeep/00000083.jpg,jeep
jeep/00000042.jpg,jeep
jeep/00000024.jpg,jeep
jeep/00000105.jpg,jeep
jeep/00000070.jpg,jeep
jeep/00000059.jpg,jeep
jeep/00000082.png,jeep
jeep/00000090.jpg,jeep
jeep/00000015.jpg,jeep
jeep/00000048.jpeg,jeep
jeep/00000020.jpg,jeep
jeep/00000001.jpg,jeep
jeep/00000040.jpg,jeep
jeep/00000081.jpg,jeep
jeep/00000016.png,jeep
jeep/00000050.png,jeep
jeep/00000008.jpg,jeep
jeep/00000079.jpg,jeep
jeep/00000087.jpg,jeep
jeep/00000003.jpg,jeep
jeep/00000086.jpg,jeep
jeep/00000009.jpg,jeep
jeep/00000006.jpg,jeep
jeep/00000052.jpg,jeep
jeep/00000085.jpg,jeep
jeep/00000065.jpg,jeep
supercar/00000141.jpg,supercar
supercar/00000086.jpeg,supercar
supercar/00000109.png,supercar
supercar/00000002.jpg,supercar
supercar/00000073.jpg,supercar
supercar/00000094.jpg,supercar
supercar/00000061.jpg,supercar
supercar/00000130.jpg,supercar
supercar/00000095.jpg,supercar
supercar/00000165.jpg,supercar
supercar/00000155.jpg,supercar
supercar/00000057.jpg,supercar
supercar/00000122.jpg,supercar
supercar/00000081.png,supercar
supercar/00000167.jpg,supercar
supercar/00000103.jpg,supercar
supercar/00000096.jpg,supercar
supercar/00000056.jpg,supercar
supercar/00000030.jpg,supercar
supercar/00000170.jpg,supercar
supercar/00000088.jpg,supercar
supercar/00000129.jpg,supercar
supercar/00000157.jpg,supercar
supercar/00000106.jpg,supercar
supercar/00000041.jpg,supercar
supercar/00000187.jpg,supercar
supercar/00000034.png,supercar
supercar/00000131.jpg,supercar
supercar/00000027.jpg,supercar
supercar/00000013.jpg,supercar
supercar/00000116.jpg,supercar
supercar/00000016.jpg,supercar
supercar/00000066.jpg,supercar
supercar/00000038.jpg,supercar
supercar/00000072.jpg,supercar
supercar/00000176.jpg,supercar
supercar/00000092.jpg,supercar
supercar/00000071.jpg,supercar
supercar/00000007.jpg,supercar
supercar/00000193.jpg,supercar
supercar/00000197.jpg,supercar
supercar/00000199.png,supercar
supercar/00000018.jpg,supercar
supercar/00000099.jpg,supercar
supercar/00000089.jpg,supercar
supercar/00000107.jpg,supercar
supercar/00000149.JPG,supercar
supercar/00000051.jpg,supercar
supercar/00000124.jpg,supercar
supercar/00000184.jpg,supercar
supercar/00000140.jpg,supercar
supercar/00000036.jpg,supercar
supercar/00000049.jpg,supercar
supercar/00000188.jpg,supercar
supercar/00000043.jpg,supercar
supercar/00000163.jpg,supercar
supercar/00000033.jpg,supercar
supercar/00000017.jpg,supercar
supercar/00000023.jpg,supercar
supercar/00000173.jpg,supercar
supercar/00000159.jpg,supercar
supercar/00000068.jpg,supercar
supercar/00000146.jpg,supercar
supercar/00000074.jpg,supercar
supercar/00000121.jpg,supercar
supercar/00000098.jpg,supercar
supercar/00000150.jpg,supercar
supercar/00000026.jpg,supercar
supercar/00000022.jpg,supercar
supercar/00000084.jpg,supercar
supercar/00000042.jpeg,supercar
supercar/00000064.jpg,supercar
supercar/00000138.jpg,supercar
supercar/00000019.png,supercar
supercar/00000039.jpg,supercar
supercar/00000194.jpg,supercar
supercar/00000101.jpeg,supercar
supercar/00000108.jpg,supercar
supercar/00000014.jpg,supercar
supercar/00000192.jpg,supercar
supercar/00000046.jpg,supercar
supercar/00000048.jpg,supercar
supercar/00000100.jpg,supercar
supercar/00000153.jpg,supercar
supercar/00000010.jpg,supercar
supercar/00000186.jpg,supercar
supercar/00000112.jpg,supercar
supercar/00000177.jpg,supercar
supercar/00000028.jpg,supercar
supercar/00000137.jpg,supercar
supercar/00000012.jpg,supercar
supercar/00000076.jpg,supercar
supercar/00000097.jpg,supercar
supercar/00000113.jpg,supercar
supercar/00000021.jpg,supercar
supercar/00000077.jpg,supercar
supercar/00000178.jpg,supercar
supercar/00000198.jpg,supercar
supercar/00000181.jpg,supercar
supercar/00000114.jpg,supercar
supercar/00000083.jpg,supercar
supercar/00000126.jpg,supercar
supercar/00000024.jpg,supercar
supercar/00000179.jpg,supercar
supercar/00000105.jpg,supercar
supercar/00000070.jpg,supercar
supercar/00000172.png,supercar
supercar/00000151.jpeg,supercar
supercar/00000063.jpg,supercar
supercar/00000058.jpg,supercar
supercar/00000174.jpg,supercar
supercar/00000125.jpg,supercar
supercar/00000171.jpg,supercar
supercar/00000059.jpg,supercar
supercar/00000031.jpg,supercar
supercar/00000082.png,supercar
supercar/00000090.jpg,supercar
supercar/00000000.jpg,supercar
supercar/00000015.jpg,supercar
supercar/00000145.jpg,supercar
supercar/00000020.jpg,supercar
supercar/00000075.jpg,supercar
supercar/00000135.jpg,supercar
supercar/00000001.jpg,supercar
supercar/00000158.jpg,supercar
supercar/00000111.jpg,supercar
supercar/00000190.jpg,supercar
supercar/00000183.jpg,supercar
supercar/00000040.jpg,supercar
supercar/00000004.jpg,supercar
supercar/00000091.jpg,supercar
supercar/00000128.jpg,supercar
supercar/00000035.jpg,supercar
supercar/00000055.jpg,supercar
supercar/00000180.jpg,supercar
supercar/00000152.jpg,supercar
supercar/00000025.jpg,supercar
supercar/00000175.jpg,supercar
supercar/00000008.jpg,supercar
supercar/00000154.jpg,supercar
supercar/00000079.jpg,supercar
supercar/00000087.jpg,supercar
supercar/00000118.jpg,supercar
supercar/00000003.jpg,supercar
supercar/00000009.jpg,supercar
supercar/00000078.jpg,supercar
supercar/00000047.jpg,supercar
supercar/00000182.jpg,supercar
supercar/00000169.jpg,supercar
supercar/00000006.jpg,supercar
supercar/00000044.jpg,supercar
supercar/00000080.jpg,supercar
supercar/00000085.jpg,supercar
supercar/00000156.jpg,supercar
supercar/00000065.jpg,supercar
supercar/00000133.jpg,supercar
supercar/00000191.jpg,supercar
bmw/00000033.png,bmw
bmw/00000185.jpg,bmw
bmw/00000141.jpg,bmw
bmw/00000139.jpg,bmw
bmw/00000060.jpg,bmw
bmw/00000007.png,bmw
bmw/00000088.png,bmw
bmw/00000137.JPG,bmw
bmw/00000002.jpg,bmw
bmw/00000073.jpg,bmw
bmw/00000166.jpg,bmw
bmw/00000094.jpg,bmw
bmw/00000172.jpg,bmw
bmw/00000130.jpg,bmw
bmw/00000095.jpg,bmw
bmw/00000165.jpg,bmw
bmw/00000155.jpg,bmw
bmw/00000069.jpg,bmw
bmw/00000122.jpg,bmw
bmw/00000150.png,bmw
bmw/00000120.jpg,bmw
bmw/00000030.jpg,bmw
bmw/00000170.jpg,bmw
bmw/00000101.jpg,bmw
bmw/00000106.jpg,bmw
bmw/00000187.jpg,bmw
bmw/00000131.jpg,bmw
bmw/00000006.png,bmw
bmw/00000013.jpg,bmw
bmw/00000142.jpg,bmw
bmw/00000115.jpg,bmw
bmw/00000016.jpg,bmw
bmw/00000066.jpg,bmw
bmw/00000104.jpeg,bmw
bmw/00000038.jpg,bmw
bmw/00000144.jpg,bmw
bmw/00000168.jpg,bmw
bmw/00000092.jpg,bmw
bmw/00000071.jpg,bmw
bmw/00000193.jpg,bmw
bmw/00000197.jpg,bmw
bmw/00000099.jpg,bmw
bmw/00000089.jpg,bmw
bmw/00000051.jpg,bmw
bmw/00000124.jpg,bmw
bmw/00000009.png,bmw
bmw/00000036.png,bmw
bmw/00000102.jpg,bmw
bmw/00000184.jpg,bmw
bmw/00000053.jpg,bmw
bmw/00000140.jpg,bmw
bmw/00000029.jpg,bmw
bmw/00000189.jpg,bmw
bmw/00000049.jpg,bmw
bmw/00000188.jpg,bmw
bmw/00000093.JPG,bmw
bmw/00000043.jpg,bmw
bmw/00000163.jpg,bmw
bmw/00000017.jpg,bmw
bmw/00000173.jpg,bmw
bmw/00000047.png,bmw
bmw/00000159.jpg,bmw
bmw/00000068.jpg,bmw
bmw/00000119.jpg,bmw
bmw/00000146.jpg,bmw
bmw/00000074.jpg,bmw
bmw/00000121.jpg,bmw
bmw/00000098.jpg,bmw
bmw/00000123.jpg,bmw
bmw/00000050.jpg,bmw
bmw/00000026.jpg,bmw
bmw/00000143.png,bmw
bmw/00000022.jpg,bmw
bmw/00000084.jpg,bmw
bmw/00000005.jpg,bmw
bmw/00000064.jpg,bmw
bmw/00000138.jpg,bmw
bmw/00000195.jpg,bmw
bmw/00000039.jpg,bmw
bmw/00000194.jpg,bmw
bmw/00000034.jpg,bmw
bmw/00000108.jpg,bmw
bmw/00000014.jpg,bmw
bmw/00000192.jpg,bmw
bmw/00000157.gif,bmw
bmw/00000046.jpg,bmw
bmw/00000067.jpg,bmw
bmw/00000048.jpg,bmw
bmw/00000011.jpg,bmw
bmw/00000100.jpg,bmw
bmw/00000010.jpg,bmw
bmw/00000186.jpg,bmw
bmw/00000164.jpg,bmw
bmw/00000112.jpg,bmw
bmw/00000177.jpg,bmw
bmw/00000045.jpg,bmw
bmw/00000199.jpg,bmw
bmw/00000012.jpg,bmw
bmw/00000076.jpg,bmw
bmw/00000097.jpg,bmw
bmw/00000161.jpg,bmw
bmw/00000132.jpg,bmw
bmw/00000021.jpg,bmw
bmw/00000077.jpg,bmw
bmw/00000178.jpg,bmw
bmw/00000176.png,bmw
bmw/00000114.jpg,bmw
bmw/00000083.jpg,bmw
bmw/00000126.jpg,bmw
bmw/00000198.png,bmw
bmw/00000042.jpg,bmw
bmw/00000147.jpg,bmw
bmw/00000063.jpg,bmw
bmw/00000058.jpg,bmw
bmw/00000174.jpg,bmw
bmw/00000125.jpg,bmw
bmw/00000090.png,bmw
bmw/00000059.jpg,bmw
bmw/00000109.jpg,bmw
bmw/00000015.jpg,bmw
bmw/00000145.jpg,bmw
bmw/00000020.jpg,bmw
bmw/00000075.jpg,bmw
bmw/00000135.jpg,bmw
bmw/00000001.jpg,bmw
bmw/00000158.jpg,bmw
bmw/00000190.jpg,bmw
bmw/00000117.jpg,bmw
bmw/00000040.jpg,bmw
bmw/00000004.jpg,bmw
bmw/00000091.jpg,bmw
bmw/00000128.jpg,bmw
bmw/00000035.jpg,bmw
bmw/00000081.jpg,bmw
bmw/00000180.jpg,bmw
bmw/00000152.jpg,bmw
bmw/00000025.jpg,bmw
bmw/00000175.jpg,bmw
bmw/00000154.jpg,bmw
bmw/00000087.jpg,bmw
bmw/00000118.jpg,bmw
bmw/00000127.jpg,bmw
bmw/00000086.jpg,bmw
bmw/00000136.jpg,bmw
bmw/00000037.png,bmw
bmw/00000080.jpg,bmw
bmw/00000085.jpg,bmw
bmw/00000044.png,bmw
bmw/00000133.jpg,bmw
bmw/00000134.jpg,bmw
bmw/00000191.jpg,bmw
